"Meteorological Data from the Smith College Ada & Archibald MacLeish Field Station, Whately, Massachusetts, USA (Lat: 42 deg. ",,"Meteorological Data from the Smith College Ada & Archibald MacLeish Field Station, Whately, Massachusetts, USA (Lat: 42 deg. ",,,,,,,,,,,,,,,
"26 min. 54 sec. N  Long: 72 deg. 40 min. 50 sec. W), elev. = 250.75 m above sea level. Contact: Paul Wetzel (pwetzel@smith.edu)",,"26 min. 54 sec. N  Long: 72 deg. 40 min. 50 sec. W), elev. = 250.75 m above sea level. Contact: Paul Wetzel (pwetzel@smith.edu)",,,,,,,,,,,,,,,
TIMESTAMP,Average Temp,Max Daily Temp,Time of Daily Temp Max,Min Temp,Time of Min. Temp,Wind Speed,Wind Direction,Max Wind Spd,Time of Max Wind Spd,Minimum Wind Spd,Time of Min. Wind Spd.,Mean Relative Humidity,Atmospheric Pressure,Mean Solar Radiation,Total Rainfall,Snow fall,is fall
,Deg C,Deg C,Deg C,Deg C,Deg C,m/s,Deg,m/s,m/s,m/s,m/s,%,mb,W m-2,mm,inch,yes/no
1/1/2023 23:59,5.744,10.42,1/1/2023 3:31,1.115,1/1/2023 20:18,1.331,286.8,10.78,1/1/2023 6:48,0,12/31/2022 23:59,99.7,1011,62.74,0,0,0
1/2/2023 23:59,4.699,10.29,1/2/2023 15:14,1.369,1/2/2023 3:47,1.144,291.1,10.19,1/2/2023 12:37,0,1/1/2023 23:59,89.5,1019,58.91,0,0,0
1/3/2023 23:59,2.516,3.347,1/3/2023 15:26,1.437,1/3/2023 9:35,0.625,350.8,5.488,1/3/2023 15:32,0,1/3/2023 0:10,99.6,1016,10.13,8.38,0,0
1/4/2023 23:59,4.138,6.1,1/4/2023 13:13,2.147,1/4/2023 0:57,0.818,5.539,5.88,1/4/2023 19:01,0,1/3/2023 23:59,99.8,1012,28.81,6.096,0,0
1/5/2023 23:59,3.547,5.236,1/5/2023 0:52,1.064,1/5/2023 23:57,1.052,25.08,5.39,1/5/2023 9:25,0,1/5/2023 0:00,99.9,1016,18.82,3.81,0,0
1/6/2023 23:59,0.584,1.538,1/6/2023 0:49,-0.708,1/6/2023 22:41,0.162,22.35,3.332,1/6/2023 23:02,0,1/5/2023 23:59,99.8,1016,12.22,9.14,0,0
1/7/2023 23:59,0.94,5.239,1/7/2023 9:10,-2.919,1/7/2023 23:52,0.949,320.6,6.762,1/7/2023 18:36,0,1/6/2023 23:59,99.7,1019,65.53,0,0,0
1/8/2023 23:59,-2.134,3.096,1/8/2023 15:13,-7.274,1/8/2023 7:28,1.083,211.9,7.252,1/8/2023 0:50,0,1/7/2023 23:59,99.2,1023,113.4,0,0,0
1/9/2023 23:59,-0.832,3.88,1/9/2023 13:27,-5.485,1/9/2023 1:40,0.788,290.3,8.43,1/9/2023 20:55,0,1/9/2023 0:01,98,1013,86.8,0,0,0
1/10/2023 23:59,0.5,5.107,1/10/2023 12:45,-5.183,1/10/2023 23:58,1.305,327.1,11.27,1/10/2023 11:18,0,1/9/2023 23:59,69.96,1015,80.4,0,0,0
1/11/2023 23:59,-4.252,1.757,1/11/2023 12:50,-8.81,1/11/2023 6:14,0.664,25.61,6.272,1/11/2023 3:33,0,1/10/2023 23:59,66.51,1024,93.3,0,0,0
1/12/2023 23:59,-0.902,2.997,1/12/2023 23:44,-3.397,1/12/2023 3:44,0.387,2.029,4.116,1/12/2023 21:09,0,1/11/2023 23:59,96.9,1020,11.04,19.05,0,0
1/13/2023 23:59,4.239,9.56,1/13/2023 12:09,-0.691,1/13/2023 23:38,1.216,330.2,7.938,1/13/2023 11:03,0,1/13/2023 0:03,99.9,1003,23.39,8.13,1.3,1
1/14/2023 23:59,-2.121,-0.147,1/14/2023 11:56,-4.25,1/14/2023 21:42,2.208,6.851,11.37,1/14/2023 4:22,0,1/13/2023 23:59,98,1010,48.11,0,0,0
1/15/2023 23:59,-1.117,3.65,1/15/2023 12:57,-4.77,1/15/2023 1:22,2.589,4.049,13.92,1/15/2023 12:41,0,1/15/2023 0:07,61.38,1016,83.5,0,0,0
1/16/2023 23:59,-1.064,3.625,1/16/2023 11:19,-4.316,1/16/2023 1:58,1.127,9.92,10.58,1/16/2023 1:14,0,1/15/2023 23:59,80.1,1010,62.49,4.826,1.2,1
1/17/2023 23:59,1.929,7.378,1/17/2023 12:47,-2.776,1/17/2023 6:08,0.582,183.2,8.04,1/17/2023 0:58,0,1/16/2023 23:59,74.41,1004,79.08,0.762,0,0
1/18/2023 23:59,4.561,9.53,1/18/2023 13:31,1.454,1/18/2023 0:08,1.65,302.7,11.76,1/18/2023 17:48,0,1/17/2023 23:59,86.8,1007,68.12,0,0,0
1/19/2023 23:59,0.987,4.242,1/19/2023 0:04,-0.452,1/19/2023 17:35,0.501,352.3,7.252,1/19/2023 4:05,0,1/18/2023 23:59,92.5,1013,20.97,19.05,0,0
1/20/2023 23:59,0.162,0.93,1/20/2023 13:35,-0.454,1/20/2023 22:08,0.363,4.133,7.056,1/20/2023 1:00,0,1/20/2023 0:00,99.8,1005,20.44,7.62,0,0
1/21/2023 23:59,-1.56,0.358,1/21/2023 11:38,-3.19,1/21/2023 19:17,0,0,0,1/20/2023 23:59,0,1/20/2023 23:59,99.7,1019,18.41,0,0,0
1/22/2023 23:59,-1.625,0.213,1/22/2023 13:29,-3.257,1/22/2023 0:11,0.555,176.9,6.272,1/22/2023 23:55,0,1/21/2023 23:59,99.7,1019,25.67,2.794,0,0
1/23/2023 23:59,-0.735,0.343,1/23/2023 2:19,-3.16,1/23/2023 23:56,0.089,4.749,5.292,1/23/2023 1:14,0,1/23/2023 0:13,99.8,1004,19.08,27.43,1.2,1
1/24/2023 23:59,-1.135,0.017,1/24/2023 15:29,-3.295,1/24/2023 2:26,0,0,0,1/23/2023 23:59,0,1/23/2023 23:59,99.8,1017,21.7,1.016,1.9,1
1/25/2023 23:59,-1.586,0.205,1/25/2023 23:58,-3.458,1/25/2023 4:40,0,0,0,1/24/2023 23:59,0,1/24/2023 23:59,99.8,1021,26.79,21.59,0,0
1/26/2023 23:59,1.231,5.291,1/26/2023 11:13,-1.688,1/26/2023 23:58,2.047,290.8,11.76,1/26/2023 21:18,0,1/25/2023 23:59,99.7,1001,49.81,20.57,1.2,1
1/27/2023 23:59,-0.722,5.397,1/27/2023 12:15,-5.418,1/27/2023 7:19,1.004,254,8.92,1/27/2023 0:07,0,1/27/2023 0:37,90,1017,92.9,0,0,0
1/28/2023 23:59,2.12,8.72,1/28/2023 13:40,-3.257,1/28/2023 2:05,1.548,237.7,10.49,1/28/2023 12:29,0,1/28/2023 0:04,67.41,1022,121.9,0,0,0
1/29/2023 23:59,3.002,6.844,1/29/2023 18:43,-0.792,1/29/2023 6:32,1.132,222.9,6.566,1/29/2023 17:46,0,1/29/2023 0:04,68.45,1022,39.21,0,0,0
1/30/2023 23:59,4.238,8.23,1/30/2023 14:25,0.98,1/30/2023 23:58,0.961,250.6,5.88,1/30/2023 23:26,0,1/30/2023 0:08,75.01,1020,95.2,0,0,0
1/31/2023 23:59,-2.278,1.489,1/31/2023 13:00,-7.617,1/31/2023 23:58,1.363,332.3,10.49,1/31/2023 12:38,0,1/30/2023 23:59,59.78,1022,107.7,0,0,0
2/1/2023 23:59,-5.772,-0.034,2/1/2023 13:53,-10.61,2/1/2023 6:51,0.997,326.3,7.35,2/1/2023 14:02,0,1/31/2023 23:59,47.34,1023,145.9,0,0,0
2/2/2023 23:59,-3.713,2.957,2/2/2023 14:38,-9.99,2/2/2023 6:43,1.439,200,9.7,2/2/2023 13:26,0,2/1/2023 23:59,48.81,1016,132.8,0,0,0
2/3/2023 23:59,-12.6,-1.486,2/3/2023 2:42,-25.23,2/3/2023 23:58,3.747,300.5,18.42,2/3/2023 14:55,0,2/3/2023 0:01,35.95,1013,152.3,0,0,0
2/4/2023 23:59,-17.95,-11.14,2/4/2023 15:05,-26.73,2/4/2023 4:44,1.887,280.5,10.49,2/4/2023 1:53,0,2/3/2023 23:59,30.4,1029,136.1,0,0,0
2/5/2023 23:59,-1.776,8.09,2/5/2023 14:32,-12.27,2/5/2023 0:45,1.828,203.2,9.8,2/5/2023 14:39,0,2/5/2023 0:05,49.1,1019,109.4,0,0,0
2/6/2023 23:59,2.105,9.43,2/6/2023 10:15,-3.276,2/6/2023 23:58,1.195,358.7,9.6,2/6/2023 15:41,0,2/5/2023 23:59,60.47,1017,72.02,0,0,0
2/7/2023 23:59,-1.97,1.97,2/7/2023 14:04,-7.814,2/7/2023 7:00,1.743,176,9.11,2/7/2023 18:09,0,2/6/2023 23:59,55.6,1024,123.8,1.778,0,0
2/8/2023 23:59,2.469,7.722,2/8/2023 13:47,-1.552,2/8/2023 0:19,1.361,294,11.76,2/8/2023 14:16,0,2/8/2023 0:08,83,1020,111.3,0,0,0
2/9/2023 23:59,1.623,3.295,2/9/2023 1:36,-0.877,2/9/2023 5:48,0.307,209.1,4.41,2/9/2023 1:16,0,2/8/2023 23:59,82.4,1021,40.37,3.556,0,0
2/10/2023 23:59,5.794,11.66,2/10/2023 10:41,1.199,2/10/2023 23:58,2.365,279.6,17.05,2/10/2023 13:07,0,2/9/2023 23:59,82.3,1010,127.4,0.254,0,0
2/11/2023 23:59,0.777,5.913,2/11/2023 15:24,-3.142,2/11/2023 22:46,2.104,298.3,16.37,2/11/2023 5:54,0,2/11/2023 0:49,57.22,1021,145.4,0,0,0
2/12/2023 23:59,2.043,9.44,2/12/2023 13:28,-4.71,2/12/2023 6:02,0.703,164.6,5.194,2/12/2023 23:10,0,2/11/2023 23:59,52.82,1017,115.8,0,0,0
2/13/2023 23:59,3.755,9.75,2/13/2023 14:33,-0.759,2/13/2023 6:50,1.406,15.96,10.58,2/13/2023 10:40,0,2/13/2023 0:10,53.96,1004,157.2,0,0,0
2/14/2023 23:59,5.316,10.95,2/14/2023 15:04,2.196,2/14/2023 2:19,1.839,312.9,12.25,2/14/2023 4:09,0,2/13/2023 23:59,49.78,1015,165.8,0,0,0
2/15/2023 23:59,6.94,15.1,2/15/2023 14:46,-0.389,2/15/2023 6:30,2.027,195.5,13.03,2/15/2023 12:45,0,2/14/2023 23:59,61.3,1016,130.5,0,0,0
2/16/2023 23:59,10.37,13.29,2/16/2023 14:13,7.669,2/16/2023 2:12,1.045,265.6,8.04,2/16/2023 4:31,0,2/16/2023 0:01,61.96,1014,76.67,0.254,0,0
2/17/2023 23:59,4.714,10.69,2/17/2023 12:10,-5.135,2/17/2023 23:08,2.272,271.5,14.6,2/17/2023 17:43,0,2/17/2023 0:03,92.4,1005,39.55,1.016,0,0
2/18/2023 23:59,-2.03,4.005,2/18/2023 15:37,-8.38,2/18/2023 6:10,1.906,283.1,10.39,2/18/2023 1:50,0,2/17/2023 23:59,46.79,1022,177.6,0,0,0
2/19/2023 23:59,1.979,5.628,2/19/2023 16:42,-2.633,2/19/2023 6:56,1.883,200.5,10.88,2/19/2023 17:11,0,2/18/2023 23:59,57.3,1023,85.3,0,0,0
2/20/2023 23:59,5.463,13.63,2/20/2023 13:49,1.453,2/20/2023 4:14,1.365,240.4,12.05,2/20/2023 13:16,0,2/20/2023 0:07,74.41,1007,97.3,0,0,0
2/21/2023 23:59,0.872,2.838,2/21/2023 0:21,-0.692,2/21/2023 6:45,0.496,255.3,5.684,2/21/2023 22:14,0,2/21/2023 0:01,90.8,1005,24.18,4.064,0.5,1
2/22/2023 23:59,0.581,4.309,2/22/2023 8:44,-1.872,2/22/2023 6:08,0.8,299.9,7.84,2/22/2023 1:50,0,2/21/2023 23:59,98.6,1019,76.65,2.54,0,0
2/23/2023 23:59,-2.89,-0.893,2/23/2023 0:26,-4.186,2/23/2023 17:36,1.312,49.9,6.37,2/23/2023 2:53,0,2/22/2023 23:59,99.6,1015,29.97,19.81,3.1,1
2/24/2023 23:59,-3.47,0.836,2/24/2023 4:33,-10.09,2/24/2023 23:58,2.654,309.3,19.21,2/24/2023 11:33,0,2/24/2023 0:03,79.01,1021,134.5,4.572,0,0
2/25/2023 23:59,-9.77,-7.621,2/25/2023 13:39,-12.45,2/25/2023 5:02,0.982,141.3,7.546,2/25/2023 1:19,0,2/24/2023 23:59,82.8,1027,71.55,3.302,0,0
2/26/2023 23:59,-4.518,0.372,2/26/2023 16:26,-9.41,2/26/2023 3:44,1.235,227.8,14.11,2/26/2023 21:22,0,2/25/2023 23:59,90.3,1012,62.77,1.778,1.4,1
2/27/2023 23:59,-1.085,3.346,2/27/2023 12:23,-4.765,2/27/2023 6:57,1.577,84.8,10.78,2/27/2023 21:29,0,2/27/2023 0:01,59.56,1013,172.2,1.27,0,0
2/28/2023 23:59,-2.178,0.556,2/28/2023 15:42,-5.62,2/28/2023 2:56,0.838,22.03,6.468,2/28/2023 0:28,0,2/28/2023 0:02,99.4,1010,44.23,14.99,3.3,1
3/1/2023 23:59,0.177,5.492,3/1/2023 11:01,-3.99,3/1/2023 5:03,0.595,162.9,4.998,3/1/2023 20:35,0,2/28/2023 23:59,96.5,1018,119.2,3.302,1.1,1
3/2/2023 23:59,1.41,6.203,3/2/2023 15:18,-0.893,3/2/2023 0:53,1.542,334.5,13.23,3/2/2023 19:42,0,3/2/2023 0:25,99.8,1007,62.22,9.91,0,0
3/3/2023 23:59,1.914,7.182,3/3/2023 13:20,-3.393,3/3/2023 6:43,1.08,80.3,11.76,3/3/2023 21:21,0,3/3/2023 0:01,69.07,1016,155.9,1.016,0,0
3/4/2023 23:59,-0.16,1.879,3/4/2023 15:18,-1.874,3/4/2023 2:19,1.699,24.01,10.68,3/4/2023 3:32,0,3/4/2023 0:00,99.6,1006,67.12,23.62,5.4,1
3/5/2023 23:59,2.061,6.777,3/5/2023 14:03,-1.297,3/5/2023 3:59,1.517,316.4,11.47,3/5/2023 22:33,0,3/4/2023 23:59,94.3,1018,139.6,8.64,0,0
3/6/2023 23:59,3.823,9.04,3/6/2023 15:35,0.693,3/6/2023 23:58,2.533,314.9,13.62,3/6/2023 6:54,0,3/6/2023 0:07,42.31,1015,201.6,0,0,0
3/7/2023 23:59,-0.304,4.918,3/7/2023 12:37,-4.644,3/7/2023 23:05,2.28,330.2,13.33,3/7/2023 14:06,0,3/7/2023 0:00,44.64,1009,197.4,0,0,0
3/8/2023 23:59,0.524,7.941,3/8/2023 14:37,-4.711,3/8/2023 1:24,2.076,338,10,3/8/2023 11:44,0,3/8/2023 0:00,60.32,1019,156.7,0,0,0
3/9/2023 23:59,2.722,8.67,3/9/2023 14:52,-1.671,3/9/2023 4:40,1.799,348.7,9.11,3/9/2023 0:37,0,3/9/2023 0:01,56.98,1021,215.8,0,0,0
3/10/2023 23:59,3.248,9.14,3/10/2023 12:42,-2.853,3/10/2023 6:10,1.072,153.8,6.272,3/10/2023 14:23,0,3/10/2023 0:06,59.94,1015,187.2,1.778,0,0
3/11/2023 23:59,1.08,4.479,3/11/2023 12:57,-0.557,3/11/2023 23:32,1.127,0.161,7.056,3/11/2023 13:03,0,3/10/2023 23:59,99.7,1010,89.6,5.334,0,0
3/12/2023 23:59,3.433,10.91,3/12/2023 14:20,-2.008,3/12/2023 6:32,1.404,62.73,7.84,3/12/2023 20:48,0,3/11/2023 23:59,63.26,1016,216.1,0,0,0
3/13/2023 23:59,1.341,4.934,3/13/2023 13:40,-0.456,3/13/2023 4:15,0.868,78.45,5.684,3/13/2023 12:07,0,3/12/2023 23:59,89,1014,39.6,11.43,0,0
3/14/2023 23:59,0.017,0.642,3/14/2023 12:10,-0.946,3/14/2023 20:57,1.596,344.1,12.25,3/14/2023 22:54,0,3/14/2023 0:00,99.8,998,33.55,10.41,0.5,1
3/15/2023 23:59,0.733,4.191,3/15/2023 14:57,-1.234,3/15/2023 7:01,3.209,326.7,16.07,3/15/2023 14:40,0,3/15/2023 0:04,83.9,1005,193.8,14.73,1.7,1
3/16/2023 23:59,3.766,10.73,3/16/2023 15:36,-3.899,3/16/2023 5:59,1.325,303.5,11.07,3/16/2023 0:01,0,3/16/2023 0:13,45.03,1013,194.4,21.34,0,0
3/17/2023 23:59,6.358,9.83,3/17/2023 14:59,2.383,3/17/2023 6:55,1.096,199.9,8.33,3/17/2023 13:25,0,3/16/2023 23:59,55.07,1007,116.4,2.286,0,0
3/18/2023 23:59,4.163,8.02,3/18/2023 13:44,-1.436,3/18/2023 23:58,1.773,312.4,10.68,3/18/2023 5:44,0,3/18/2023 0:04,50.92,1005,226.4,0,0,0
3/19/2023 23:59,-2.261,0.541,3/19/2023 13:56,-6.047,3/19/2023 5:36,3.121,287.8,15.68,3/19/2023 16:06,0,3/18/2023 23:59,44.31,1013,190.9,0,0,0
3/20/2023 23:59,2.531,9.87,3/20/2023 15:51,-5.489,3/20/2023 4:49,1.635,242.8,8.82,3/20/2023 11:36,0,3/20/2023 0:31,34.98,1022,252.9,0,0,0
3/21/2023 23:59,6.869,13.95,3/21/2023 15:49,-1.132,3/21/2023 5:02,1.329,276.8,10.88,3/21/2023 13:58,0,3/21/2023 0:26,33.1,1026,235.5,0,0,0
3/22/2023 23:59,8.42,15.02,3/22/2023 15:25,2.416,3/22/2023 5:27,1.608,182.4,10.78,3/22/2023 16:27,0,3/21/2023 23:59,45.65,1026,216.8,0,0,0
3/23/2023 23:59,8.42,11.39,3/23/2023 12:15,4.561,3/23/2023 23:58,1.823,202.7,9.11,3/23/2023 22:12,0,3/23/2023 0:05,98.4,1012,47.54,1.778,0,0
3/24/2023 23:59,4.932,10.3,3/24/2023 15:54,1.47,3/24/2023 6:03,1.411,327.5,9.7,3/24/2023 4:40,0,3/24/2023 0:16,72.55,1014,194,0,0,0
3/25/2023 23:59,0.631,2.196,3/25/2023 10:44,-1.166,3/25/2023 4:31,0.963,38.15,4.998,3/25/2023 15:02,0,3/24/2023 23:59,82.6,1017,27.61,9.14,0,0
3/26/2023 23:59,5.639,12.15,3/26/2023 15:42,0.66,3/26/2023 6:16,2.043,292.5,17.35,3/26/2023 11:49,0,3/25/2023 23:59,71.16,1011,234,0.254,0,0
3/27/2023 23:59,6.67,13.92,3/27/2023 14:10,1.639,3/27/2023 2:35,0.983,28.22,7.35,3/27/2023 17:17,0,3/26/2023 23:59,50.49,1017,196.7,4.064,0,0
3/28/2023 23:59,3.33,7.584,3/28/2023 15:38,0.794,3/28/2023 6:50,1.444,340.9,7.252,3/28/2023 10:34,0,3/28/2023 0:35,94,1018,139.5,1.524,0,0
3/29/2023 23:59,5.407,12.01,3/29/2023 15:21,-1.739,3/29/2023 5:21,1.492,260.3,13.62,3/29/2023 22:48,0,3/29/2023 0:05,54.18,1018,262.3,0.254,0,0
3/30/2023 23:59,-0.972,3.041,3/30/2023 15:21,-4.578,3/30/2023 5:44,2.742,305.8,14.31,3/30/2023 7:59,0,3/30/2023 0:14,45.25,1022,285.5,0,0,0
3/31/2023 23:59,1.304,6.978,3/31/2023 14:16,-4.561,3/31/2023 3:13,1.478,179.5,12.15,3/31/2023 15:27,0,3/30/2023 23:59,64.09,1022,135.9,4.572,0,0
4/1/2023 23:59,6.744,15.35,4/1/2023 17:19,0.997,4/1/2023 5:34,1.224,256.8,16.66,4/1/2023 18:29,0,3/31/2023 23:59,99.7,1000,103.8,11.43,0,0
4/2/2023 23:59,3.65,8.48,4/2/2023 0:23,-1.47,4/2/2023 22:43,2.434,321.7,14.6,4/2/2023 7:20,0,4/2/2023 0:01,45.92,1011,287.7,0,0,0
4/3/2023 23:59,5.316,13.94,4/3/2023 16:14,-3.682,4/3/2023 4:51,2.138,193.7,12.25,4/3/2023 14:14,0,4/2/2023 23:59,36.74,1018,277.3,0,0,0
4/4/2023 23:59,10.79,19.86,4/4/2023 14:59,4.916,4/4/2023 6:18,1.212,29.94,9.51,4/4/2023 17:25,0,4/4/2023 0:02,62.12,1020,246.9,0,0,0
4/5/2023 23:59,6.106,9.1,4/5/2023 0:09,1.757,4/5/2023 23:38,1.536,74.92,7.742,4/5/2023 13:09,0,4/5/2023 0:05,73.93,1026,57.09,0.254,0,0
4/6/2023 23:59,8.5,18.24,4/6/2023 15:02,1.385,4/6/2023 1:01,1.075,191.9,13.03,4/6/2023 17:49,0,4/6/2023 0:02,94.8,1021,162.5,0.508,0,0
4/7/2023 23:59,6.099,10.37,4/7/2023 9:11,0.929,4/7/2023 23:58,2.474,305.4,15.78,4/7/2023 12:21,0,4/7/2023 0:00,39.43,1025,167.2,0,0,0
4/8/2023 23:59,3.871,10.42,4/8/2023 16:07,-3.767,4/8/2023 5:36,1.016,323.5,8.04,4/8/2023 13:49,0,4/8/2023 0:01,31.25,1030,304.1,0,0,0
4/9/2023 23:59,6.22,13.65,4/9/2023 16:22,-0.152,4/9/2023 4:08,1.146,0.9,6.076,4/9/2023 10:34,0,4/8/2023 23:59,25.93,1032,300.8,0,0,0
4/10/2023 23:59,10.16,19.76,4/10/2023 15:58,-0.203,4/10/2023 1:52,0.836,237.2,6.076,4/10/2023 12:49,0,4/9/2023 23:59,29.64,1028,294.9,0,0,0
4/11/2023 23:59,15.39,22.42,4/11/2023 12:27,5.676,4/11/2023 4:08,2.184,261.4,14.6,4/11/2023 23:52,0,4/10/2023 23:59,25.84,1017,218.2,0,0,0
4/12/2023 23:59,18.76,24.53,4/12/2023 16:11,13.84,4/12/2023 5:50,2.319,309.4,14.7,4/12/2023 9:17,0,4/12/2023 0:00,30.89,1010,281.7,0,0,0
4/13/2023 23:59,24.06,31.41,4/13/2023 15:31,16.73,4/13/2023 4:19,1.38,281,10.58,4/13/2023 14:09,0,4/12/2023 23:59,33.05,1011,283.2,0,0,0
4/14/2023 23:59,24.93,33.5,4/14/2023 15:42,17.66,4/14/2023 23:58,0.873,322.6,6.468,4/14/2023 15:23,0,4/13/2023 23:59,31.09,1012,266.7,0,0,0
4/15/2023 23:59,17.32,25.27,4/15/2023 15:32,10.21,4/15/2023 5:51,1.552,125.3,9.21,4/15/2023 17:08,0,4/14/2023 23:59,64.85,1015,246.1,1.27,0,0
4/16/2023 23:59,15.51,19.13,4/16/2023 14:18,13.13,4/16/2023 7:25,1,133.9,5.782,4/16/2023 20:58,0,4/15/2023 23:59,99.8,1012,71.56,1.778,0,0
4/17/2023 23:59,11.56,13.31,4/16/2023 23:59,8.07,4/17/2023 20:26,1.309,153.5,7.252,4/17/2023 18:39,0,4/17/2023 0:03,99.9,1005,32.62,4.826,0,0
4/18/2023 23:59,7.104,9.83,4/18/2023 16:55,4.172,4/18/2023 23:57,2.025,279.4,10.09,4/18/2023 6:04,0,4/18/2023 0:56,92,1007,145.1,0.254,0,0
4/19/2023 23:59,4.04,7.652,4/19/2023 12:23,1.132,4/19/2023 21:50,2.216,296.9,14.11,4/19/2023 16:00,0,4/19/2023 0:48,63.68,1017,124.4,0,0,0
4/20/2023 23:59,10.63,20.39,4/20/2023 15:33,1.301,4/20/2023 5:24,0.775,322.7,8.23,4/20/2023 10:26,0,4/20/2023 0:01,39.43,1022,307.3,0,0,0
4/21/2023 23:59,13.72,22.15,4/21/2023 15:49,7.348,4/21/2023 5:58,1.991,155.8,9.41,4/21/2023 16:07,0,4/20/2023 23:59,43.25,1020,293.9,0,0,0
4/22/2023 23:59,9.55,14.48,4/22/2023 14:13,6.622,4/22/2023 5:07,1.039,95.7,7.938,4/22/2023 15:28,0,4/21/2023 23:59,93,1018,64.78,19.05,0,0
4/23/2023 23:59,7.416,8.34,4/23/2023 0:52,6.081,4/23/2023 20:12,1.351,12.59,8.04,4/23/2023 15:13,0,4/23/2023 0:00,99.9,1014,40.4,68.33,0,0
4/24/2023 23:59,7.418,12.26,4/24/2023 13:44,4.155,4/24/2023 23:18,0.821,310.9,6.958,4/24/2023 13:38,0,4/23/2023 23:59,99.7,1017,173,0,0,0
4/25/2023 23:59,6.888,11.93,4/25/2023 10:17,1.757,4/25/2023 3:27,0.694,1.182,6.076,4/25/2023 13:30,0,4/25/2023 0:01,97.5,1021,177.1,4.572,0,0
4/26/2023 23:59,8.4,15.34,4/26/2023 12:44,1.368,4/26/2023 4:20,0.812,215.2,7.056,4/26/2023 12:53,0,4/26/2023 0:02,74.78,1023,265.6,2.032,0,0
4/27/2023 23:59,8.91,14.43,4/27/2023 16:54,5.541,4/27/2023 3:40,0.855,188.6,7.35,4/27/2023 13:52,0,4/26/2023 23:59,98,1023,189.6,0.254,0,0
4/28/2023 23:59,10.39,18.21,4/28/2023 13:54,4.206,4/28/2023 6:22,1.288,150.5,8.43,4/28/2023 12:57,0,4/28/2023 0:02,71.29,1022,235.5,0,0,0
4/29/2023 23:59,8.33,13.63,4/29/2023 13:56,5.591,4/29/2023 8:34,1.221,72.8,7.448,4/29/2023 14:12,0,4/28/2023 23:59,85.2,1017,85.8,7.874,0,0
4/30/2023 23:59,7.896,9.49,4/30/2023 23:57,6.182,4/30/2023 0:54,1.91,20.87,9.51,4/30/2023 14:54,0,4/30/2023 0:00,100,1004,37.84,31.24,0,0
5/1/2023 23:59,9.71,12.77,5/1/2023 4:22,5.676,5/1/2023 22:36,1.864,249.6,12.45,5/1/2023 5:08,0,5/1/2023 0:03,97.5,992,164.3,7.112,0,0
5/2/2023 23:59,7.217,10.69,5/2/2023 16:45,4.882,5/2/2023 3:24,0.873,185.3,7.742,5/2/2023 14:20,0,5/2/2023 0:00,99.8,996,135.8,7.874,0,0
5/3/2023 23:59,7.518,12.65,5/3/2023 10:08,4.882,5/3/2023 4:50,0.921,36.05,7.252,5/3/2023 11:49,0,5/2/2023 23:59,99.9,1001,139.8,1.778,0,0
5/4/2023 23:59,7.247,11.77,5/4/2023 13:13,4.324,5/4/2023 5:38,1.058,17.96,7.84,5/4/2023 17:17,0,5/4/2023 0:02,99.9,1013,141.3,3.302,0,0
5/5/2023 23:59,10.58,17.23,5/5/2023 16:03,5.76,5/5/2023 4:38,0.885,349.2,5.684,5/5/2023 14:42,0,5/4/2023 23:59,84.1,1023,159.6,0.254,0,0
5/6/2023 23:59,16.08,22.11,5/6/2023 12:57,9.46,5/6/2023 4:09,1.592,319.5,9.8,5/6/2023 15:52,0,5/6/2023 0:00,43.12,1022,330.6,0,0,0
5/7/2023 23:59,17.89,25.2,5/7/2023 13:30,10.13,5/7/2023 4:20,1.183,274.1,9.21,5/7/2023 21:08,0,5/6/2023 23:59,37.37,1014,307.1,0,0,0
5/8/2023 23:59,16.35,21.77,5/8/2023 12:46,10.6,5/8/2023 4:29,1.382,326.7,12.84,5/8/2023 11:12,0,5/8/2023 0:01,44.95,1009,296.1,0,0,0
5/9/2023 23:59,12.97,19.05,5/9/2023 16:12,8.14,5/9/2023 23:58,1.198,9.55,8.23,5/9/2023 13:54,0,5/8/2023 23:59,30.81,1016,309.6,0,0,0
5/10/2023 23:59,14.7,22.23,5/10/2023 14:35,5.591,5/10/2023 4:48,0.962,300.3,8.23,5/10/2023 13:52,0,5/9/2023 23:59,32.25,1020,322.4,0,0,0
5/11/2023 23:59,19.47,26.42,5/11/2023 14:20,10.96,5/11/2023 4:05,1.127,299.4,10.29,5/11/2023 14:06,0,5/10/2023 23:59,33,1018,314.1,0,0,0
5/12/2023 23:59,21.55,28.6,5/12/2023 13:03,13.1,5/12/2023 4:26,1.266,296,10.58,5/12/2023 12:03,0,5/12/2023 0:02,39.9,1017,272.2,0,0,0
5/13/2023 23:59,20.52,24.99,5/13/2023 15:18,13.25,5/13/2023 23:58,1.461,322.8,10.98,5/13/2023 10:53,0,5/12/2023 23:59,31.26,1017,341,0,0,0
5/14/2023 23:59,13.08,18.41,5/14/2023 14:32,7.288,5/14/2023 4:21,1.163,1.419,10,5/14/2023 15:26,0,5/13/2023 23:59,36.25,1023,334.3,0,0,0
5/15/2023 23:59,15.64,22.33,5/15/2023 14:48,5.895,5/15/2023 4:22,1.283,286,11.76,5/15/2023 16:44,0,5/14/2023 23:59,29.88,1020,287.7,0,0,0
5/16/2023 23:59,18.47,25.31,5/16/2023 14:22,13.22,5/16/2023 5:16,1.651,280.7,12.25,5/16/2023 12:34,0,5/15/2023 23:59,26.48,1005,252.9,0,0,0
5/17/2023 23:59,8.91,15.61,5/16/2023 23:59,1.943,5/17/2023 23:12,1.646,344.7,11.86,5/17/2023 15:39,0,5/16/2023 23:59,38.11,1011,351.6,0,0,0
5/18/2023 23:59,9.98,18.82,5/18/2023 16:02,1.064,5/18/2023 3:30,0.978,217.6,7.448,5/18/2023 14:54,0,5/18/2023 0:00,33.87,1025,349.5,0,0,0
5/19/2023 23:59,12.46,19.61,5/19/2023 16:39,3.936,5/19/2023 4:31,1.834,191.1,9.11,5/19/2023 16:50,0,5/18/2023 23:59,67.32,1026,213.6,0,0,0
5/20/2023 23:59,13.36,17.2,5/20/2023 20:50,8.04,5/20/2023 4:34,0.537,196,6.468,5/20/2023 19:46,0,5/19/2023 23:59,96.1,1019,62.83,50.55,0,0
5/21/2023 23:59,15.23,21.11,5/21/2023 16:24,9.14,5/21/2023 5:55,1.185,318.2,10,5/21/2023 10:05,0,5/20/2023 23:59,78.52,1014,265.6,0.254,0,0
5/22/2023 23:59,16.49,22.58,5/22/2023 13:14,10.85,5/22/2023 23:58,0.841,62.18,7.252,5/22/2023 6:22,0,5/21/2023 23:59,64.04,1023,250.5,0,0,0
5/23/2023 23:59,14.96,21.65,5/23/2023 13:46,8.43,5/23/2023 4:33,1.263,181.8,7.84,5/23/2023 16:57,0,5/22/2023 23:59,69.34,1027,310.8,0,0,0
5/24/2023 23:59,13.18,23.66,5/24/2023 14:20,7.14,5/24/2023 23:57,1.144,182.5,11.27,5/24/2023 15:10,0,5/23/2023 23:59,73.81,1019,227.1,5.588,0,0
5/25/2023 23:59,11.5,18.83,5/25/2023 14:07,4.847,5/25/2023 4:20,1.285,357.7,9.8,5/25/2023 7:31,0,5/24/2023 23:59,65.15,1021,333,0,0,0
5/26/2023 23:59,15.19,21.92,5/26/2023 16:07,6.639,5/26/2023 4:36,0.747,353.9,7.938,5/26/2023 11:56,0,5/25/2023 23:59,39.16,1025,354.8,0,0,0
5/27/2023 23:59,18.8,26.61,5/27/2023 15:27,10.29,5/27/2023 3:06,0.51,99,5.684,5/27/2023 10:29,0,5/26/2023 23:59,38.2,1026,340.5,0,0,0
5/28/2023 23:59,21.07,29.63,5/28/2023 17:29,11.8,5/28/2023 4:27,0.7,164.9,6.468,5/28/2023 13:30,0,5/27/2023 23:59,48.93,1019,335.5,0,0,0
5/29/2023 23:59,19.12,24.78,5/29/2023 15:28,10.75,5/29/2023 23:58,1.053,100.1,7.644,5/29/2023 13:19,0,5/28/2023 23:59,43.41,1020,343.5,0,0,0
5/30/2023 23:59,16.34,23.47,5/30/2023 16:21,8.27,5/30/2023 4:21,0.818,198.1,6.174,5/30/2023 13:35,0,5/29/2023 23:59,45.78,1024,346.6,0,0,0
5/31/2023 23:59,18.41,27.1,5/31/2023 14:49,7.66,5/31/2023 4:26,0.827,181.1,5.292,5/31/2023 15:01,0,5/31/2023 0:06,53.2,1023,345.4,0,0,0
6/1/2023 23:59,23.29,33.06,6/1/2023 16:48,12.1,6/1/2023 4:28,0.3,78.99,4.312,6/1/2023 11:44,0,5/31/2023 23:59,45,1019,337.8,0,0,0
6/2/2023 23:59,22.92,33.35,6/2/2023 12:49,17.12,6/2/2023 23:48,0.817,2.127,9.41,6/2/2023 19:50,0,6/1/2023 23:59,61.62,1015,235.5,5.842,0,0
6/3/2023 23:59,11.44,17.49,6/3/2023 0:12,7.196,6/3/2023 22:51,1.221,53.57,6.86,6/3/2023 14:49,0,6/2/2023 23:59,99.9,1020,78.14,0.508,0,0
6/4/2023 23:59,10.46,14.61,6/4/2023 15:41,7.179,6/4/2023 2:22,1.164,6.045,8.62,6/4/2023 7:55,0,6/3/2023 23:59,91.2,1018,157.5,0,0,0
6/5/2023 23:59,14.76,20.52,6/5/2023 15:41,8.78,6/4/2023 23:59,0.848,349.4,10.09,6/5/2023 9:31,0,6/4/2023 23:59,70.45,1012,181.1,0,0,0
6/6/2023 23:59,15.89,23.34,6/6/2023 13:09,11.56,6/6/2023 21:54,1.352,312.3,13.72,6/6/2023 15:55,0,6/6/2023 0:00,57.44,1005,227.7,0.762,0,0
6/7/2023 23:59,13.44,18.38,6/7/2023 10:11,9.85,6/7/2023 4:43,1.044,313.9,8.13,6/7/2023 0:17,0,6/7/2023 0:00,69.54,1004,173,0,0,0
6/8/2023 23:59,11.9,18.02,6/8/2023 14:19,9,6/8/2023 23:56,0.419,346.4,6.664,6/8/2023 14:35,0,6/7/2023 23:59,94.5,1007,132.2,2.286,0,0
6/9/2023 23:59,12.45,18.95,6/9/2023 10:38,7.99,6/9/2023 3:01,0.435,334,5.586,6/9/2023 13:02,0,6/9/2023 0:13,99.8,1008,165.9,11.68,0,0
6/10/2023 23:59,15.78,22.5,6/10/2023 15:00,8.63,6/10/2023 4:45,0.779,329.6,8.33,6/10/2023 15:08,0,6/9/2023 23:59,82.2,1009,283.6,0,0,0
6/11/2023 23:59,19.95,27.13,6/11/2023 16:20,11.86,6/11/2023 2:23,0.792,175.8,5.39,6/11/2023 12:53,0,6/10/2023 23:59,64.17,1013,286.6,0,0,0
6/12/2023 23:59,19.86,26.3,6/12/2023 12:17,15.21,6/12/2023 4:29,1.243,152.1,10.98,6/12/2023 13:02,0,6/12/2023 0:00,79.47,1011,228.6,2.794,0,0
6/13/2023 23:59,19.45,24.23,6/13/2023 11:20,14.82,6/13/2023 23:02,0.977,250.5,8.13,6/13/2023 1:59,0,6/12/2023 23:59,99.8,1006,207.6,12.7,0,0
6/14/2023 23:59,16.53,24.24,6/14/2023 12:51,12.34,6/14/2023 4:29,0.902,173.4,13.03,6/14/2023 14:53,0,6/14/2023 0:00,91,1003,189.1,21.59,0,0
6/15/2023 23:59,18.73,25.73,6/15/2023 15:50,12.41,6/15/2023 2:48,0.855,310.1,8.23,6/15/2023 10:41,0,6/14/2023 23:59,82.3,1003,293.5,2.032,0,0
6/16/2023 23:59,18.7,24.23,6/16/2023 11:03,14.75,6/16/2023 22:36,0.579,308.3,5.684,6/16/2023 1:06,0,6/15/2023 23:59,75.43,1008,164.3,2.032,0,0
6/17/2023 23:59,15.51,19.47,6/17/2023 13:51,13.25,6/17/2023 23:49,0.877,346.3,9.02,6/17/2023 16:10,0,6/16/2023 23:59,99.9,1006,122,6.35,0,0
6/18/2023 23:59,17.55,23.26,6/18/2023 16:07,12.8,6/18/2023 2:46,1,328.2,8.72,6/18/2023 10:22,0,6/17/2023 23:59,84.3,1012,253.7,0,0,0
6/19/2023 23:59,18.2,25.82,6/19/2023 15:31,11.56,6/19/2023 3:55,0.742,57.09,4.9,6/19/2023 11:09,0,6/18/2023 23:59,77.6,1020,309.6,0,0,0
6/20/2023 23:59,18.53,25.56,6/20/2023 15:27,14.08,6/20/2023 4:50,0.82,165.4,7.448,6/20/2023 17:55,0,6/20/2023 0:00,91.9,1025,265.7,1.524,0,0
6/21/2023 23:59,17.74,23.52,6/21/2023 17:19,13.47,6/21/2023 23:58,0.507,98.4,5.39,6/21/2023 17:58,0,6/20/2023 23:59,80.5,1027,238.3,0,0,0
6/22/2023 23:59,18.54,26.3,6/22/2023 14:32,10.69,6/22/2023 4:48,0.665,64.69,4.606,6/22/2023 11:28,0,6/21/2023 23:59,68.85,1024,328.3,0,0,0
6/23/2023 23:59,20.83,26.34,6/23/2023 12:36,14.58,6/23/2023 2:19,0.964,179.3,6.566,6/23/2023 18:57,0,6/22/2023 23:59,80.4,1019,236.9,0,0,0
6/24/2023 23:59,21.16,25.44,6/24/2023 17:18,18.74,6/24/2023 3:39,1.052,193.3,6.272,6/24/2023 14:16,0,6/24/2023 0:01,99.9,1013,151.5,4.064,0,0
6/25/2023 23:59,23.12,29.94,6/25/2023 12:56,18.3,6/25/2023 4:40,0.374,149.6,4.018,6/25/2023 9:48,0,6/24/2023 23:59,98.4,1012,249,0.762,0,0
6/26/2023 23:59,21.46,26.95,6/26/2023 12:54,17.88,6/26/2023 23:43,0.83,179.7,15.68,6/26/2023 19:16,0,6/25/2023 23:59,96.6,1011,150.5,29.72,0,0
6/27/2023 23:59,20.29,23.92,6/27/2023 15:22,16.32,6/27/2023 3:05,1.479,173.7,10.19,6/27/2023 1:34,0,6/26/2023 23:59,99.4,1009,162.6,5.842,0,0
6/28/2023 23:59,19.75,26.46,6/28/2023 13:30,15.38,6/28/2023 23:17,0.472,177.5,6.37,6/28/2023 14:23,0,6/28/2023 0:00,98.8,1011,130.8,6.096,0,0
6/29/2023 23:59,19.71,24.38,6/29/2023 13:57,14.6,6/29/2023 5:13,0.352,304.6,5.39,6/29/2023 7:07,0,6/28/2023 23:59,98,1017,166.8,0,0,0
6/30/2023 23:59,21.88,28.21,6/30/2023 14:40,15.45,6/30/2023 4:27,0.555,180,4.998,6/30/2023 12:38,0,6/29/2023 23:59,85.7,1019,300.6,0,0,0
7/1/2023 23:59,21.68,27.55,7/1/2023 13:50,16.91,7/1/2023 3:27,0.951,180.5,6.762,7/1/2023 14:24,0,6/30/2023 23:59,82.6,1018,255.6,0,0,0
7/2/2023 23:59,18.59,23.3,7/2/2023 17:16,15.31,7/2/2023 4:46,0.609,181.4,6.958,7/2/2023 3:15,0,7/1/2023 23:59,99.5,1014,58.86,38.1,0,0
7/3/2023 23:59,21.63,27.59,7/3/2023 17:25,17.18,7/3/2023 5:37,0.662,9.38,7.154,7/3/2023 19:21,0,7/2/2023 23:59,100,1012,241.5,52.07,0,0
7/4/2023 23:59,22.55,28.89,7/4/2023 17:35,19.67,7/4/2023 3:42,0.204,27.77,4.018,7/4/2023 12:25,0,7/4/2023 0:00,100,1015,179.1,3.302,0,0
7/5/2023 23:59,25.5,31.47,7/5/2023 13:32,19.23,7/5/2023 4:49,0.334,251.7,4.018,7/5/2023 12:30,0,7/4/2023 23:59,98.9,1017,293.3,0,0,0
7/6/2023 23:59,26.7,32.69,7/6/2023 14:30,20.51,7/6/2023 4:09,0.638,194,5.684,7/6/2023 13:52,0,7/5/2023 23:59,82,1015,307.8,0,0,0
7/7/2023 23:59,23.44,29.77,7/7/2023 12:49,19.19,7/7/2023 5:06,0.865,182,6.958,7/7/2023 14:01,0,7/6/2023 23:59,89.7,1013,248.8,0.254,0,0
7/8/2023 23:59,23.76,30.56,7/8/2023 12:10,19.87,7/8/2023 0:14,0.47,200.6,17.74,7/8/2023 14:58,0,7/7/2023 23:59,92.5,1013,239.7,29.97,0,0
7/9/2023 23:59,21.53,23.96,7/9/2023 10:16,19.18,7/9/2023 15:41,0.275,135.8,6.86,7/9/2023 15:29,0,7/8/2023 23:59,99.9,1013,52.28,28.7,0,0
7/10/2023 23:59,20.43,23.59,7/10/2023 14:58,17.78,7/10/2023 22:24,0.866,4.62,8.04,7/10/2023 18:30,0,7/9/2023 23:59,100,1010,98,81,0,0
7/11/2023 23:59,23.55,30.41,7/11/2023 14:14,17.42,7/11/2023 4:45,0.83,304.8,7.644,7/11/2023 3:26,0,7/10/2023 23:59,83.1,1012,313.8,0,0,0
7/12/2023 23:59,22.88,30.56,7/12/2023 13:18,17.86,7/12/2023 23:10,0.748,263.8,13.72,7/12/2023 15:03,0,7/11/2023 23:59,87.9,1015,232.7,21.34,0,0
7/13/2023 23:59,22.51,29.14,7/13/2023 14:54,17.71,7/13/2023 20:54,1.318,180.4,10.98,7/13/2023 14:54,0,7/12/2023 23:59,91.1,1014,274.3,15.75,0,0
7/14/2023 23:59,21.32,26.17,7/14/2023 17:41,17.2,7/14/2023 4:56,0.819,178.4,7.252,7/14/2023 15:45,0,7/14/2023 0:01,99.8,1015,190.5,1.016,0,0
7/15/2023 23:59,24.97,30.09,7/15/2023 16:41,21.09,7/15/2023 4:56,0.893,178.3,5.292,7/15/2023 10:57,0,7/14/2023 23:59,92.6,1016,233.3,0.508,0,0
7/16/2023 23:59,22.56,23.54,7/16/2023 12:51,20.93,7/16/2023 23:56,1.271,183.3,9.11,7/16/2023 7:59,0,7/15/2023 23:59,100,1012,68.4,45.21,0,0
7/17/2023 23:59,24.23,29.83,7/17/2023 13:47,19.01,7/17/2023 4:29,0.706,245.5,6.566,7/17/2023 10:36,0,7/16/2023 23:59,89.6,1015,279.2,0,0,0
7/18/2023 23:59,21.6,26.66,7/18/2023 10:36,18.6,7/18/2023 22:22,0.749,192.4,10.29,7/18/2023 11:35,0,7/17/2023 23:59,99.7,1016,128.8,25.65,0,0
7/19/2023 23:59,22.73,28.65,7/19/2023 12:59,17.22,7/19/2023 4:39,0.598,308.3,6.076,7/19/2023 11:40,0,7/18/2023 23:59,88.6,1017,299.5,0,0,0
7/20/2023 23:59,23.29,28.8,7/20/2023 16:10,18.1,7/20/2023 4:47,0.712,17.29,5.39,7/20/2023 7:43,0,7/19/2023 23:59,71.32,1017,321.8,0,0,0
7/21/2023 23:59,19.24,23.47,7/21/2023 15:54,16.86,7/21/2023 23:16,0.787,162.4,8.82,7/21/2023 17:36,0,7/20/2023 23:59,99.6,1010,74.29,65.28,0,0
7/22/2023 23:59,20.39,27.18,7/22/2023 16:34,14.79,7/22/2023 5:07,0.678,316.9,6.272,7/22/2023 7:32,0,7/21/2023 23:59,94.8,1011,300.2,0,0,0
7/23/2023 23:59,23.17,29.73,7/23/2023 16:57,16.46,7/23/2023 4:23,0.469,327.1,5.096,7/23/2023 13:28,0,7/22/2023 23:59,76.94,1016,316.3,0,0,0
7/24/2023 23:59,21.96,28.87,7/24/2023 11:48,17.29,7/24/2023 5:09,0.549,183.6,7.938,7/24/2023 13:33,0,7/23/2023 23:59,88.8,1020,224,0.254,0,0
7/25/2023 23:59,21.16,28.15,7/25/2023 11:56,17.25,7/25/2023 3:53,0.453,167,7.35,7/25/2023 13:03,0,7/24/2023 23:59,93.9,1020,176.4,0.254,0,0
7/26/2023 23:59,22.73,30.39,7/26/2023 14:41,15.11,7/26/2023 3:52,0.698,198.1,5.978,7/26/2023 15:03,0,7/25/2023 23:59,81.2,1019,266.9,0,0,0
7/27/2023 23:59,22.26,30.26,7/27/2023 13:14,18.77,7/27/2023 3:10,1.291,217.2,11.27,7/27/2023 14:25,0,7/26/2023 23:59,97.5,1015,108.2,9.91,0,0
7/28/2023 23:59,25.48,31.46,7/28/2023 14:40,19.58,7/28/2023 4:57,0.666,262.1,6.076,7/28/2023 14:40,0,7/27/2023 23:59,86.2,1016,301.8,0,0,0
7/29/2023 23:59,22.86,29.01,7/29/2023 13:26,15.28,7/29/2023 23:35,0.738,78.77,8.82,7/29/2023 17:16,0,7/28/2023 23:59,97.2,1010,165.5,13.72,0,0
7/30/2023 23:59,18.2,24.62,7/30/2023 15:21,11.93,7/30/2023 4:06,0.891,326,6.958,7/30/2023 0:43,0,7/30/2023 0:01,89.5,1014,318.4,0,0,0
7/31/2023 23:59,19.46,25.5,7/31/2023 14:29,13.34,7/31/2023 4:15,0.667,298.1,9.8,7/31/2023 15:29,0,7/30/2023 23:59,77.54,1016,246.1,0,0,0
8/1/2023 23:59,18.48,23.5,8/1/2023 13:35,13.1,8/1/2023 4:53,0.823,344.2,8.23,8/1/2023 13:09,0,7/31/2023 23:59,63.72,1021,306.1,0,0,0
8/2/2023 23:59,19,25.36,8/2/2023 16:01,13.12,8/2/2023 3:03,0.549,354.5,4.606,8/2/2023 10:20,0,8/2/2023 0:01,59.35,1024,267.1,0,0,0
8/3/2023 23:59,19.12,25.87,8/3/2023 14:21,12.34,8/3/2023 4:11,1.444,184.4,8.92,8/3/2023 15:26,0,8/2/2023 23:59,76.45,1020,235.1,0,0,0
8/4/2023 23:59,19.19,22.17,8/4/2023 15:59,16.09,8/4/2023 6:02,0.805,198.1,6.174,8/4/2023 10:00,0,8/3/2023 23:59,97.7,1015,102.4,3.81,0,0
8/5/2023 23:59,21.49,28.22,8/5/2023 13:35,15.72,8/5/2023 5:13,0.478,346.8,5.488,8/5/2023 15:37,0,8/5/2023 0:00,86.5,1016,261,0,0,0
8/6/2023 23:59,21.79,28.8,8/6/2023 15:29,15.56,8/6/2023 4:23,0.564,356.2,4.9,8/6/2023 14:39,0,8/5/2023 23:59,70.23,1018,278.9,0,0,0
8/7/2023 23:59,18.62,21.14,8/7/2023 21:10,16.7,8/7/2023 6:52,1.213,160.4,11.37,8/7/2023 20:51,0,8/6/2023 23:59,97.2,1014,48.42,14.22,0,0
8/8/2023 23:59,21.31,26.59,8/8/2023 14:31,18.77,8/8/2023 23:27,1.485,230.6,9.41,8/8/2023 16:05,0,8/8/2023 0:14,99.9,1005,166.7,1.778,0,0
8/9/2023 23:59,22.07,27.22,8/9/2023 15:36,17.27,8/9/2023 5:27,1.068,304,10.78,8/9/2023 11:32,0,8/8/2023 23:59,82.6,1006,264.7,1.016,0,0
8/10/2023 23:59,20.37,23.79,8/10/2023 14:36,17.45,8/10/2023 23:57,0.414,211,5.88,8/10/2023 16:36,0,8/9/2023 23:59,96.4,1007,113.7,3.81,0,0
8/11/2023 23:59,20.09,26.05,8/11/2023 17:12,14.48,8/11/2023 5:10,0.63,296.6,9.9,8/11/2023 10:22,0,8/10/2023 23:59,86.1,1009,258.3,0,0,0
8/12/2023 23:59,20.87,26.27,8/12/2023 14:54,13.42,8/12/2023 4:12,0.516,177.9,6.566,8/12/2023 12:12,0,8/11/2023 23:59,90.7,1014,223.9,0,0,0
8/13/2023 23:59,22.42,29.5,8/13/2023 13:16,17.84,8/13/2023 23:57,0.493,277.7,10.88,8/13/2023 15:32,0,8/12/2023 23:59,84.8,1013,222.3,0.508,0,0
8/14/2023 23:59,22.19,27.74,8/14/2023 11:54,17.57,8/14/2023 1:22,0.295,291.1,6.37,8/14/2023 13:13,0,8/13/2023 23:59,80.5,1016,241.6,0.508,0,0
8/15/2023 23:59,18.4,19.99,8/15/2023 14:11,17.29,8/15/2023 8:07,0.261,27.46,4.998,8/15/2023 8:45,0,8/14/2023 23:59,100,1013,52.77,49.28,0,0
8/16/2023 23:59,19.17,22.44,8/16/2023 15:16,17.63,8/16/2023 4:59,0.321,151.3,4.116,8/16/2023 6:55,0,8/15/2023 23:59,100,1016,74.97,0.762,0,0
8/17/2023 23:59,19.6,23,8/17/2023 16:45,18.06,8/17/2023 8:17,0.356,172.9,4.312,8/17/2023 3:48,0,8/16/2023 23:59,100,1016,81.1,2.54,0,0
8/18/2023 23:59,19.75,24.85,8/18/2023 12:18,15.11,8/18/2023 23:37,0.696,269.7,10.98,8/18/2023 16:39,0,8/17/2023 23:59,99.8,1009,228.4,13.21,0,0
8/19/2023 23:59,17.52,23.25,8/19/2023 14:34,14.5,8/19/2023 1:45,0.631,279.4,12.05,8/19/2023 14:57,0,8/18/2023 23:59,96.2,1014,154.2,0,0,0
8/20/2023 23:59,20.87,27.59,8/20/2023 14:12,14.03,8/20/2023 5:10,0.259,237.5,6.664,8/20/2023 15:12,0,8/19/2023 23:59,85.5,1019,255,0,0,0
8/21/2023 23:59,22.63,30.24,8/21/2023 13:31,17.79,8/21/2023 1:17,0.196,343.8,6.174,8/21/2023 22:53,0,8/20/2023 23:59,92,1018,190.9,0,0,0
8/22/2023 23:59,19.27,26.44,8/22/2023 15:30,13.22,8/22/2023 5:10,0.579,7.068,8.13,8/22/2023 12:54,0,8/21/2023 23:59,74.27,1021,289.6,0.254,0,0
8/23/2023 23:59,19.37,25.11,8/23/2023 15:57,14.09,8/23/2023 2:18,0.183,70.67,4.508,8/23/2023 14:48,0,8/22/2023 23:59,69.13,1021,293.3,0,0,0
8/24/2023 23:59,16.63,21.33,8/24/2023 10:11,12.15,8/24/2023 4:58,0.617,175.9,6.86,8/24/2023 20:15,0,8/23/2023 23:59,93.2,1020,130.2,4.572,0,0
8/25/2023 23:59,19.26,22.1,8/25/2023 16:06,15.55,8/24/2023 23:59,0.777,183.9,6.468,8/25/2023 0:14,0,8/24/2023 23:59,100,1013,53.37,18.54,0,0
8/26/2023 23:59,22.06,29.38,8/26/2023 15:26,18.13,8/26/2023 22:25,0.211,327.1,5.88,8/26/2023 17:49,0,8/25/2023 23:59,98.1,1012,247.6,0.254,0,0
8/27/2023 23:59,20.32,26.42,8/27/2023 13:56,16.86,8/27/2023 5:35,0.246,5.591,4.606,8/27/2023 7:21,0,8/26/2023 23:59,98.8,1016,176.4,2.794,0,0
8/28/2023 23:59,20.4,25.88,8/28/2023 13:51,16.09,8/28/2023 4:54,0.447,178.3,5.292,8/28/2023 14:28,0,8/27/2023 23:59,97.6,1019,193.9,0,0,0
8/29/2023 23:59,21.57,27.79,8/29/2023 15:25,16.02,8/29/2023 5:15,0.283,165.7,5.096,8/29/2023 11:34,0,8/28/2023 23:59,92.9,1016,240.1,0,0,0
8/30/2023 23:59,20.99,27.01,8/30/2023 12:18,15.33,8/30/2023 23:31,0.476,290.5,8.92,8/30/2023 15:35,0,8/29/2023 23:59,94.7,1008,200.2,17.27,0,0
8/31/2023 23:59,17.31,23.3,8/31/2023 15:31,12.64,8/31/2023 5:45,0.76,1.031,9.6,8/31/2023 17:16,0,8/30/2023 23:59,81.4,1016,290.1,0,0,0
9/1/2023 23:59,17.56,24.67,9/1/2023 16:26,11.53,9/1/2023 2:22,0.205,11.92,4.508,9/1/2023 0:38,0,8/31/2023 23:59,80.2,1026,277.9,0,0,0
9/2/2023 23:59,18.41,26.48,9/2/2023 14:20,11.19,9/2/2023 4:36,0.401,193.1,5.88,9/2/2023 11:57,0,9/1/2023 23:59,86.3,1021,236.1,0,0,0
9/3/2023 23:59,21.77,29.67,9/3/2023 14:56,14.84,9/3/2023 5:33,0.136,166.4,7.448,9/3/2023 16:39,0,9/2/2023 23:59,90.2,1015,223.2,0.254,0,0
9/4/2023 23:59,24.7,31.66,9/4/2023 13:59,18,9/4/2023 5:57,0.07,81.1,2.94,9/4/2023 23:04,0,9/3/2023 23:59,86.9,1013,252.6,0,0,0
9/5/2023 23:59,26.85,32.89,9/5/2023 14:26,22.72,9/5/2023 3:52,0.193,25.66,4.802,9/5/2023 13:30,0,9/4/2023 23:59,90.6,1015,240.5,0,0,0
9/6/2023 23:59,26.89,33.11,9/6/2023 13:56,22.13,9/6/2023 5:19,0.119,3.427,4.9,9/6/2023 21:04,0,9/5/2023 23:59,83.9,1012,225.8,0,0,0
9/7/2023 23:59,26.34,33.55,9/7/2023 15:32,19.85,9/7/2023 23:55,0.401,204.3,14.01,9/7/2023 20:38,0,9/6/2023 23:59,81.2,1011,232.6,0,0,0
9/8/2023 23:59,22.8,29.85,9/8/2023 15:20,18.62,9/8/2023 23:50,0.544,173.8,10.39,9/8/2023 17:21,0,9/7/2023 23:59,91.7,1016,191.8,25.4,0,0
9/9/2023 23:59,21.26,27.15,9/9/2023 12:10,18,9/9/2023 0:43,0.222,166,8.43,9/9/2023 14:37,0,9/8/2023 23:59,100,1021,188.4,34.8,0,0
9/10/2023 23:59,19.96,26.31,9/10/2023 12:24,18.42,9/10/2023 1:07,0.083,163.4,4.508,9/10/2023 14:00,0,9/9/2023 23:59,100,1021,74.14,10.67,0,0
9/11/2023 23:59,20.52,25.62,9/11/2023 14:54,18.66,9/11/2023 6:32,0.075,16.96,4.704,9/11/2023 15:52,0,9/10/2023 23:59,100,1018,102.4,11.18,0,0
9/12/2023 23:59,20.7,25.63,9/12/2023 14:38,17.66,9/12/2023 23:45,0.079,152.5,3.626,9/12/2023 15:05,0,9/11/2023 23:59,100,1017,139.1,0.508,0,0
9/13/2023 23:59,18.24,23.37,9/13/2023 14:07,15.4,9/13/2023 23:58,0.034,158.3,3.822,9/13/2023 23:53,0,9/12/2023 23:59,100,1015,60.99,9.14,0,0
9/14/2023 23:59,16.38,21.92,9/14/2023 14:17,11.41,9/14/2023 5:59,0.458,329.9,8.04,9/14/2023 12:57,0,9/13/2023 23:59,98.1,1019,249.1,0,0,0
9/15/2023 23:59,14.45,19.16,9/15/2023 16:06,10.29,9/15/2023 5:00,0.917,6.703,8.53,9/15/2023 9:05,0,9/14/2023 23:59,95.9,1019,159.9,0,0,0
9/16/2023 23:59,16.93,21.16,9/16/2023 16:26,13.77,9/16/2023 0:45,1.087,327.2,11.56,9/16/2023 10:12,0,9/15/2023 23:59,72.7,1011,155.2,0,0,0
9/17/2023 23:59,17.42,24.53,9/17/2023 13:03,9.51,9/17/2023 5:07,0.264,261.2,7.252,9/17/2023 13:07,0,9/16/2023 23:59,81.5,1014,220.8,0,0,0
9/18/2023 23:59,15.57,17.4,9/18/2023 14:56,13.93,9/18/2023 23:43,0.127,337.3,6.958,9/18/2023 20:56,0,9/17/2023 23:59,99.9,1010,33.4,18.29,0,0
9/19/2023 23:59,15.61,20.65,9/19/2023 15:03,12.68,9/19/2023 23:01,0.951,291.7,10.39,9/19/2023 12:50,0,9/18/2023 23:59,99.3,1013,171.4,0.254,0,0
9/20/2023 23:59,16.03,23.25,9/20/2023 14:38,10.83,9/20/2023 6:02,0.451,308,7.546,9/20/2023 1:05,0,9/19/2023 23:59,82.7,1021,238.7,0,0,0
9/21/2023 23:59,16.41,23.13,9/21/2023 15:33,10.77,9/21/2023 0:59,0.444,10.73,5.88,9/21/2023 7:18,0,9/20/2023 23:59,82.7,1026,234.5,0,0,0
9/22/2023 23:59,16.06,22.27,9/22/2023 14:14,10.97,9/22/2023 23:43,0.323,29.61,4.41,9/22/2023 0:48,0,9/21/2023 23:59,83.8,1030,196.3,0,0,0
9/23/2023 23:59,11.25,12.97,9/23/2023 14:01,9.24,9/23/2023 23:49,0.589,20.04,7.252,9/23/2023 14:10,0,9/22/2023 23:59,99.6,1026,49.92,3.81,0,0
9/24/2023 23:59,11.66,13.26,9/24/2023 20:17,8.87,9/24/2023 4:03,0.906,3.456,7.056,9/24/2023 3:07,0,9/23/2023 23:59,100,1022,43.22,8.38,0,0
9/25/2023 23:59,12.01,15,9/25/2023 14:09,9.26,9/25/2023 8:31,0.875,27.6,7.252,9/25/2023 8:40,0,9/24/2023 23:59,100,1024,38.93,28.19,0,0
9/26/2023 23:59,12.11,18.24,9/26/2023 13:57,8.36,9/26/2023 23:03,0.476,27.46,7.252,9/26/2023 1:46,0,9/25/2023 23:59,99.9,1030,146.7,0,0,0
9/27/2023 23:59,13.48,21.54,9/27/2023 15:46,8.33,9/27/2023 4:53,0.485,16.06,5.88,9/27/2023 7:34,0,9/26/2023 23:59,92.3,1029,222.9,0,0,0
9/28/2023 23:59,13.77,21.76,9/28/2023 14:51,8.12,9/28/2023 5:53,0.157,12.22,3.92,9/28/2023 4:56,0,9/27/2023 23:59,91.8,1027,181.7,0,0,0
9/29/2023 23:59,10.48,11.86,9/29/2023 2:49,9.65,9/29/2023 11:13,0.278,7.959,6.174,9/29/2023 19:00,0,9/28/2023 23:59,99.8,1026,19.62,47.75,0,0
9/30/2023 23:59,13.57,20.84,9/30/2023 15:26,9.76,9/30/2023 5:18,0.35,1.715,6.468,9/30/2023 6:46,0,9/29/2023 23:59,100,1024,91.2,8.13,0,0
10/1/2023 23:59,19.04,26.11,10/1/2023 15:39,12.97,10/1/2023 2:58,0.527,9.63,8.13,10/1/2023 8:47,0,9/30/2023 23:59,96.6,1023,203.6,0,0,0
10/2/2023 23:59,18.84,24.97,10/2/2023 15:50,14.04,10/2/2023 23:14,0.309,7.927,5.488,10/2/2023 10:10,0,10/1/2023 23:59,88.4,1024,205,0,0,0
10/3/2023 23:59,19.28,27.54,10/3/2023 15:00,10.72,10/3/2023 5:21,0.124,154.4,3.038,10/3/2023 13:03,0,10/2/2023 23:59,93.4,1022,189.3,0,0,0
10/4/2023 23:59,22.7,29.21,10/4/2023 15:21,16.32,10/4/2023 3:56,0.093,145.2,3.332,10/4/2023 14:46,0,10/3/2023 23:59,85.6,1024,191.8,0,0,0
10/5/2023 23:59,19.04,24.01,10/5/2023 13:43,14.82,10/5/2023 23:31,0.655,171.9,7.252,10/5/2023 14:26,0,10/4/2023 23:59,89.2,1024,183.1,0,0,0
10/6/2023 23:59,16.61,18.25,10/6/2023 14:23,14.26,10/6/2023 4:21,0.183,157.8,5.194,10/6/2023 0:49,0,10/5/2023 23:59,99.7,1019,29.32,1.27,0,0
10/7/2023 23:59,15.61,20.2,10/7/2023 13:31,9.07,10/7/2023 23:47,0.902,151.6,10.68,10/7/2023 16:27,0,10/6/2023 23:59,99.9,1007,45.41,26.42,0,0
10/8/2023 23:59,11.01,16.74,10/8/2023 14:34,6.233,10/8/2023 23:57,0.893,252.2,8.72,10/8/2023 10:54,0,10/7/2023 23:59,94.3,1002,140,0.254,0,0
10/9/2023 23:59,9.62,16.11,10/9/2023 14:35,3.902,10/9/2023 6:17,0.707,219.6,7.742,10/9/2023 11:37,0,10/8/2023 23:59,80,1008,166.2,0,0,0
10/10/2023 23:59,10.21,15.71,10/10/2023 15:04,5.524,10/10/2023 4:25,0.256,211.5,4.9,10/10/2023 0:04,0,10/9/2023 23:59,82.8,1010,100.7,0,0,0
10/11/2023 23:59,11.66,17.92,10/11/2023 13:59,7.331,10/11/2023 3:59,0.229,210.2,6.076,10/11/2023 14:01,0,10/10/2023 23:59,86.1,1012,93,0,0,0
10/12/2023 23:59,13.46,20.88,10/12/2023 13:22,8.31,10/12/2023 23:49,0.287,245,6.958,10/12/2023 13:06,0,10/11/2023 23:59,77.84,1013,149.4,0,0,0
10/13/2023 23:59,10.69,17.38,10/13/2023 13:04,4.139,10/13/2023 6:17,0.408,327.5,8.13,10/13/2023 14:09,0,10/12/2023 23:59,76.72,1014,172.3,0,0,0
10/14/2023 23:59,9.6,12.57,10/14/2023 9:02,6.943,10/14/2023 1:16,0.137,151.7,3.626,10/14/2023 13:55,0,10/13/2023 23:59,92.8,1009,74.56,0,0,0
10/15/2023 23:59,9.77,15.25,10/15/2023 11:59,6.723,10/15/2023 6:20,0.571,338.6,8.33,10/15/2023 8:40,0,10/14/2023 23:59,81.5,1000,111.1,0,0,0
10/16/2023 23:59,10.74,17.26,10/16/2023 13:52,7.99,10/16/2023 6:13,0.536,334.5,7.644,10/16/2023 10:06,0,10/15/2023 23:59,88.7,1004,93.4,0.254,0,0
10/17/2023 23:59,11.42,17.64,10/17/2023 11:54,7.196,10/17/2023 5:55,0.146,356.6,5.096,10/17/2023 10:12,0,10/16/2023 23:59,87.4,1014,101.3,0,0,0
10/18/2023 23:59,11.48,15.68,10/18/2023 12:00,8.95,10/18/2023 5:37,0.031,134,4.116,10/18/2023 12:46,0,10/17/2023 23:59,91,1021,71.05,0.254,0,0
10/19/2023 23:59,11.79,17.42,10/19/2023 14:22,8.02,10/19/2023 6:17,0.878,184.7,9.8,10/19/2023 14:42,0,10/18/2023 23:59,89.6,1020,114.3,0,0,0
10/20/2023 23:59,12.16,14.59,10/20/2023 22:42,9.75,10/20/2023 1:33,0.479,160.3,6.958,10/20/2023 16:25,0,10/20/2023 0:00,99.8,1009,23.32,21.59,0,0
10/21/2023 23:59,12.53,14.68,10/21/2023 0:33,10.12,10/21/2023 23:51,0.861,312.3,10.39,10/21/2023 21:40,0,10/20/2023 23:59,100,993,25.88,23.62,0,0
10/22/2023 23:59,8.08,12.58,10/22/2023 12:50,4.73,10/22/2023 23:54,0,0,0,10/21/2023 23:59,0,10/21/2023 23:59,88,1002,102.1,0,0,0
10/23/2023 23:59,8.53,14.31,10/23/2023 13:47,4.459,10/23/2023 2:00,0,0,0,10/22/2023 23:59,0,10/22/2023 23:59,83.4,1020,164.4,0,0,0
10/24/2023 23:59,8.97,15.35,10/24/2023 14:52,3.716,10/24/2023 6:28,0,0,0,10/23/2023 23:59,0,10/23/2023 23:59,86.4,1027,124.2,0,0,0
10/25/2023 23:59,14.08,21.5,10/25/2023 14:25,7.534,10/25/2023 4:36,0,0,0,10/24/2023 23:59,0,10/24/2023 23:59,81.6,1024,124.7,0,0,0
10/26/2023 23:59,21.59,26.71,10/26/2023 13:29,16.91,10/26/2023 23:31,0.838,230.5,5.292,10/26/2023 11:31,0,10/26/2023 9:05,55.41,1023,179.4,0,0,0
10/27/2023 23:59,20.06,27.35,10/27/2023 15:13,14.95,10/27/2023 8:00,1.057,263.1,7.448,10/27/2023 22:14,0,10/26/2023 23:59,62.64,1019,137.8,0,0,0
10/28/2023 23:59,18.59,26.11,10/28/2023 11:51,10.62,10/28/2023 23:58,1.693,315.6,13.33,10/28/2023 15:10,0,10/28/2023 0:31,65.41,1017,112.4,0,0,0
10/29/2023 23:59,6.589,10.7,10/28/2023 23:59,3.75,10/29/2023 18:22,1.249,31.52,6.566,10/29/2023 8:35,0,10/29/2023 0:02,90.8,1021,25.27,13.21,0,0
10/30/2023 23:59,6.547,8.77,10/30/2023 15:22,4.003,10/30/2023 23:55,0.938,12.14,9.51,10/30/2023 19:08,0,10/30/2023 0:00,99.9,1011,23.5,15.75,0,0
10/31/2023 23:59,4.531,11.3,10/31/2023 13:30,-0.507,10/31/2023 6:38,0.865,4.118,7.056,10/31/2023 2:15,0,10/31/2023 0:10,88.5,1018,131.7,0,0,0
11/1/2023 23:59,0.99,5.237,11/1/2023 15:27,-2.398,11/1/2023 23:49,0.741,13.98,5.096,11/1/2023 3:28,0,11/1/2023 0:05,98.9,1018,38.31,7.874,0,0
11/2/2023 23:59,2.017,9.38,11/2/2023 14:40,-3.899,11/2/2023 6:35,0.945,300.4,4.998,11/2/2023 13:42,0,11/2/2023 0:24,89.8,1029,151.9,0,0,0
11/3/2023 23:59,5.92,13.26,11/3/2023 13:28,-0.54,11/3/2023 6:08,1.681,212.5,9.21,11/3/2023 13:39,0,11/3/2023 0:02,72.45,1028,140.6,0,0,0
11/4/2023 23:59,8.61,14.61,11/4/2023 15:04,3.632,11/4/2023 5:55,0.955,223.6,5.586,11/4/2023 0:07,0,11/4/2023 4:40,64.35,1022,90.6,0,0,0
11/5/2023 23:59,9.2,15.54,11/5/2023 12:10,4.071,11/5/2023 23:58,0.969,342.1,8.23,11/5/2023 20:49,0,11/5/2023 0:01,65.85,1018,83.9,0,0,0
11/6/2023 23:59,5.392,10.41,11/6/2023 12:01,1.774,11/6/2023 3:49,1.123,186.8,7.35,11/6/2023 23:11,0,11/6/2023 0:26,69.48,1020,67.3,1.27,0,0
11/7/2023 23:59,10.31,17.89,11/7/2023 14:21,6.047,11/7/2023 0:14,2.405,264.1,14.8,11/7/2023 17:08,0,11/7/2023 0:08,91.4,1008,71.95,2.286,0,0
11/8/2023 23:59,2.889,7.703,11/8/2023 0:14,-0.49,11/8/2023 6:45,1.874,354,13.03,11/8/2023 2:41,0,11/8/2023 0:05,55.37,1017,124.9,0,0,0
11/9/2023 23:59,1.632,6.42,11/9/2023 21:14,-0.911,11/9/2023 7:29,0.503,28.53,4.9,11/9/2023 19:42,0,11/9/2023 0:05,88.8,1014,15.99,2.54,0,0
11/10/2023 23:59,6.353,9.53,11/10/2023 15:47,4.038,11/10/2023 23:38,1.11,294.9,8.62,11/10/2023 11:38,0,11/10/2023 0:00,88,1017,58.57,0,0,0
11/11/2023 23:59,4.421,9.22,11/11/2023 10:27,-1.858,11/11/2023 23:58,1.445,336.2,11.17,11/11/2023 11:01,0,11/11/2023 0:39,68.6,1025,132.8,0,0,0
11/12/2023 23:59,0.55,7.35,11/12/2023 14:38,-3.057,11/12/2023 2:46,0.763,35.11,4.802,11/12/2023 10:22,0,11/12/2023 0:09,61.73,1031,125,0,0,0
11/13/2023 23:59,-0.137,4.9,11/13/2023 12:17,-5.235,11/13/2023 6:10,0.849,57.51,4.41,11/13/2023 15:14,0,11/12/2023 23:59,67.55,1025,106.1,0.254,0,0
11/14/2023 23:59,2.25,7.756,11/14/2023 15:30,-1.654,11/14/2023 3:54,0.909,2.845,8.43,11/14/2023 10:31,0,11/14/2023 0:41,89.9,1024,62.41,0,0,0
11/15/2023 23:59,3.683,8.16,11/15/2023 14:19,-1.502,11/15/2023 6:33,1.425,228.5,5.488,11/15/2023 10:46,0,11/15/2023 0:57,80.1,1027,108.4,0,0,0
11/16/2023 23:59,8.25,16.06,11/16/2023 14:22,1.622,11/16/2023 0:30,0.883,208.4,3.822,11/16/2023 3:08,0,11/16/2023 0:00,68.04,1023,117.4,0,0,0
11/17/2023 23:59,10.68,16.71,11/17/2023 13:23,3.547,11/17/2023 6:07,1.988,215.3,10.58,11/17/2023 15:00,0,11/17/2023 0:02,77.16,1015,94.7,0,0,0
11/18/2023 23:59,7.057,11.98,11/17/2023 23:59,0.524,11/18/2023 22:36,1.811,337.1,11.27,11/18/2023 13:09,0,11/18/2023 1:50,80.6,1008,93.7,0.762,0,0
11/19/2023 23:59,3.352,10.59,11/19/2023 13:02,-1.554,11/19/2023 4:30,1.708,311.3,11.76,11/19/2023 11:50,0,11/19/2023 0:02,61.34,1012,101.2,0,0,0
11/20/2023 23:59,-0.008,6.134,11/20/2023 14:00,-4.137,11/20/2023 23:42,1.301,13.92,8.92,11/20/2023 10:05,0,11/19/2023 23:59,51.77,1027,126.9,0,0,0
11/21/2023 23:59,-1.299,1.614,11/21/2023 10:11,-5.808,11/21/2023 5:16,1.469,139.4,6.37,11/21/2023 22:06,0,11/21/2023 0:14,62.13,1031,70.82,1.27,0,0
11/22/2023 23:59,2.745,6.033,11/22/2023 14:11,-0.386,11/22/2023 0:15,1.541,17.54,10.58,11/22/2023 9:37,0,11/22/2023 0:22,99.7,1009,55.22,25.91,1.5,1
11/23/2023 23:59,6.011,10.03,11/23/2023 13:20,3.431,11/23/2023 0:33,1.942,341.1,11.17,11/23/2023 21:00,0,11/23/2023 0:01,83.6,1009,111.9,0,0,0
11/24/2023 23:59,2.477,7.196,11/24/2023 11:52,-5.134,11/24/2023 23:52,2.583,330.8,13.33,11/24/2023 10:09,0,11/24/2023 2:52,54.01,1019,97.8,0,0,0
11/25/2023 23:59,-2.153,4.656,11/25/2023 12:08,-7.651,11/25/2023 6:58,0.874,312.4,5.88,11/25/2023 0:08,0,11/25/2023 0:12,51.11,1027,107.7,0,0,0
11/26/2023 23:59,0.313,4.36,11/26/2023 23:58,-5.096,11/26/2023 6:47,0.929,186.4,5.684,11/26/2023 12:15,0,11/25/2023 23:59,70.36,1021,61.25,3.556,0,0
11/27/2023 23:59,3.691,9.18,11/27/2023 9:52,-1.452,11/27/2023 23:01,2.002,324,15.88,11/27/2023 12:00,0,11/27/2023 0:07,92.3,1005,90.5,18.03,0,0
11/28/2023 23:59,-1.11,2.333,11/28/2023 12:33,-3.747,11/28/2023 20:51,3.086,317.2,14.7,11/28/2023 19:45,0,11/28/2023 0:31,63.37,1007,98.2,0.254,0,0
11/29/2023 23:59,-2.928,1.094,11/29/2023 15:08,-6.575,11/29/2023 7:06,1.704,277.3,13.52,11/29/2023 1:09,0,11/29/2023 0:04,53.46,1015,85.8,0,0,0
11/30/2023 23:59,1.09,7.134,11/30/2023 14:45,-4.765,11/30/2023 4:05,1.742,205.9,7.448,11/30/2023 17:45,0,11/30/2023 0:41,54.61,1018,107,0,0,0
12/1/2023 23:59,4.675,8.94,12/1/2023 14:27,0.728,12/1/2023 6:34,1.538,219.1,5.096,12/1/2023 14:03,0,12/1/2023 4:19,75.46,1019,66.52,2.54,0,0
12/2/2023 23:59,6.223,10.19,12/2/2023 13:13,3.953,12/2/2023 1:33,0.741,222,3.92,12/2/2023 12:08,0,12/2/2023 0:21,99.8,1016,47.73,0.254,0,0
12/3/2023 23:59,4.014,6.486,12/2/2023 23:59,1.351,12/3/2023 20:06,1.254,52.69,7.644,12/3/2023 13:56,0,12/3/2023 0:02,99.9,1012,7.174,23.11,0,0
12/4/2023 23:59,3.431,7.486,12/4/2023 13:18,1.149,12/4/2023 1:54,1.436,297.3,11.27,12/4/2023 22:04,0,12/4/2023 0:04,99.9,1007,51.99,1.524,0,0
12/5/2023 23:59,0.766,4.647,12/5/2023 12:28,-1.553,12/5/2023 23:57,1.188,3.117,7.938,12/5/2023 10:44,0,12/5/2023 0:53,98.5,1015,51.81,0,0,0
12/6/2023 23:59,-1.718,2.434,12/6/2023 10:37,-4.086,12/6/2023 23:48,1.02,23.62,8.13,12/6/2023 22:03,0,12/6/2023 0:01,97.3,1015,46.52,0,0,0
12/7/2023 23:59,-4.35,-0.204,12/7/2023 15:47,-7.881,12/7/2023 4:46,0.742,261.5,7.546,12/7/2023 0:04,0,12/7/2023 0:02,93.6,1015,40.31,0,0,0
12/8/2023 23:59,0.96,6.626,12/8/2023 13:33,-4.3,12/8/2023 3:26,0.661,202.3,3.234,12/8/2023 11:47,0,12/7/2023 23:59,93.6,1021,87.3,0,0,0
12/9/2023 23:59,4.609,7.416,12/9/2023 19:17,0.626,12/9/2023 0:06,0.885,206.6,3.626,12/9/2023 12:58,0,12/9/2023 1:19,99.6,1023,28.2,0,0,0
12/10/2023 23:59,8.8,12.62,12/10/2023 21:38,5.625,12/10/2023 3:41,1.774,220.8,9.9,12/10/2023 23:03,0,12/10/2023 0:04,99.9,1013,15.99,34.8,0,0
12/11/2023 23:59,2.695,7.449,12/10/2023 23:59,-1.301,12/11/2023 22:44,3.017,340.8,17.35,12/11/2023 19:41,0,12/11/2023 0:06,99.8,1007,45.48,14.48,0,0
12/12/2023 23:59,1.676,5.93,12/12/2023 13:54,-1.435,12/12/2023 7:19,2.171,269.7,11.76,12/12/2023 1:04,0,12/12/2023 0:02,63.5,1024,104,0,0,0
12/13/2023 23:59,0.935,5.544,12/13/2023 11:54,-3.088,12/13/2023 23:53,2.152,306.6,12.25,12/13/2023 13:12,0,12/13/2023 3:34,59.96,1028,94.4,0,0,0
12/14/2023 23:59,-2.087,3.672,12/14/2023 13:47,-7.077,12/14/2023 6:41,1.355,297.2,8.82,12/14/2023 12:30,0,12/13/2023 23:59,54.12,1033,100.1,0,0,0
12/15/2023 23:59,4.626,13.35,12/15/2023 13:45,-3.647,12/15/2023 0:00,1.061,234.1,6.272,12/15/2023 22:19,0,12/15/2023 3:06,61.55,1024,76.7,0,0,0
12/16/2023 23:59,6.726,12.6,12/16/2023 12:55,1.943,12/16/2023 23:12,1.144,58.45,7.252,12/16/2023 10:00,0,12/16/2023 0:04,63,1031,101,0,0,0
12/17/2023 23:59,3.939,7.787,12/17/2023 23:56,2.365,12/17/2023 4:49,1.136,35.74,5.488,12/17/2023 20:55,0,12/17/2023 0:11,95.3,1026,10.46,22.61,0,0
12/18/2023 23:59,10.29,15.25,12/18/2023 13:27,4.358,12/18/2023 23:15,3.72,225.4,20.58,12/18/2023 9:04,0,12/18/2023 0:11,99.9,993,12.42,90.2,0,0
12/19/2023 23:59,1.221,6.182,12/19/2023 11:24,-2.889,12/19/2023 23:39,2.036,312.3,10.58,12/19/2023 13:59,0,12/19/2023 0:58,98.8,1013,77.33,0,0,0
12/20/2023 23:59,0.026,7.063,12/20/2023 13:59,-4.644,12/20/2023 5:58,1.484,12.8,9.11,12/20/2023 23:43,0,12/20/2023 0:18,89.4,1026,101.4,0,0,0
12/21/2023 23:59,-2.033,2.643,12/21/2023 13:15,-7.322,12/21/2023 23:57,1.664,27.58,10.68,12/21/2023 9:45,0,12/21/2023 0:56,73.8,1029,107.7,0,0,0
12/22/2023 23:59,-4.629,3.278,12/22/2023 14:13,-10.49,12/22/2023 7:27,0.913,20.26,5.39,12/22/2023 8:27,0,12/22/2023 0:16,66.95,1030,102.9,0,0,0
12/23/2023 23:59,-2.332,1.656,12/23/2023 11:43,-7.401,12/23/2023 7:26,0.704,220.3,5.488,12/23/2023 10:59,0,12/22/2023 23:59,64.12,1031,55.88,0,0,0
12/24/2023 23:59,1.876,3.771,12/24/2023 20:10,-0.491,12/24/2023 4:27,0.5,202.7,3.92,12/24/2023 23:24,0,12/24/2023 0:03,92.9,1030,23.42,0.762,0,0
12/25/2023 23:59,4.433,7.452,12/25/2023 14:35,2.418,12/25/2023 0:52,0.611,353.8,3.724,12/25/2023 12:09,0,12/25/2023 0:08,99.9,1030,44.88,0.254,0,0
12/26/2023 23:59,2.757,4.412,12/26/2023 13:30,0.357,12/26/2023 8:18,0.535,195.4,2.45,12/26/2023 14:56,0,12/25/2023 23:59,100,1026,44.26,0,0,0
12/27/2023 23:59,4.822,7.264,12/27/2023 21:07,2.315,12/27/2023 2:48,0.534,94,4.41,12/27/2023 22:04,0,12/27/2023 0:04,100,1019,27.32,3.81,0,0
12/28/2023 23:59,6.029,6.858,12/28/2023 10:56,4.662,12/28/2023 22:53,1.773,39.68,8.43,12/28/2023 12:10,0,12/28/2023 0:30,100,1010,16.86,13.21,0,0
12/29/2023 23:59,5.282,6.267,12/29/2023 18:49,4.274,12/29/2023 4:32,1.006,263.9,7.448,12/29/2023 23:08,0,12/29/2023 0:02,100,1004,17.98,0.508,0,0
12/30/2023 23:59,2.609,5.034,12/29/2023 23:59,-0.726,12/30/2023 23:20,1.474,338.7,7.742,12/30/2023 20:03,0,12/29/2023 23:59,100,1003,40.4,2.286,0,0
12/31/2023 23:59,-0.286,0.795,12/31/2023 13:47,-1.264,12/31/2023 5:22,1.312,340,8.82,12/31/2023 2:08,0,12/30/2023 23:59,99.7,1013,38.23,0,0,0
